{
  "generation_method": "realistic",
  "parameters": {
    "dataset_type": "realistic",
    "n_users": 90,
    "n_movies": 150,
    "sparsity": 0.5
  },
  "seed": null,
  "statistics": {
    "total_users": 90,
    "total_movies": 150,
    "total_ratings": 6750,
    "actual_sparsity": 0.5,
    "avg_ratings_per_user": 75.0
  },
  "algorithm_type": "original",
  "last_analysis": {
    "target_user": 0,
    "algorithm_type": "original",
    "method_description": "User-Based Collaborative Filtering",
    "n_recommendations": 5
  }
}